pharmacy_id,pharmacy_name,district,city,ownership,availability_status
PHR0001,Satara Health Chemist,Satara,Satara,Government,Closed
PHR0002,Kamptee Pharma Store,Nagpur,Kamptee,Private,Open
PHR0003,Shrirampur Medical Dispensary,Ahmednagar,Shrirampur,Government,Open
PHR0004,Dhule Health Dispensary,Dhule,Dhule,Private,Open
PHR0005,Chopda Care Dispensary,Jalgaon,Chopda,Private,Open
PHR0006,Paithan Health Store,Aurangabad,Paithan,Private,Closed
PHR0007,Sillod Health Pharmacy,Aurangabad,Sillod,Private,Open
PHR0008,Jalgaon Care Pharmacy,Jalgaon,Jalgaon,Government,Open
PHR0009,Morshi Health Store,Amravati,Morshi,Government,Open
PHR0010,Hingna Medical Chemist,Nagpur,Hingna,Private,Open
PHR0011,Dadar Pharma Dispensary,Mumbai,Dadar,Private,Open
PHR0012,Kupwad Wellness Dispensary,Sangli,Kupwad,Private,Open
PHR0013,Kopargaon Care Pharmacy,Ahmednagar,Kopargaon,Private,Open
PHR0014,Nagpur Pharma Pharmacy,Nagpur,Nagpur,Private,Open
PHR0015,Ausa Pharma Pharmacy,Latur,Ausa,Government,Open
PHR0016,Morshi Health Dispensary,Amravati,Morshi,Private,Open
PHR0017,Talegaon Wellness Store,Pune,Talegaon,Private,Open
PHR0018,Nashik Care Chemist,Nashik,Nashik,Private,Open
PHR0019,Niphad Health Pharmacy,Nashik,Niphad,Private,Closed
PHR0020,Shirur Pharma Pharmacy,Pune,Shirur,Private,Open
PHR0021,Mahabaleshwar Wellness Pharmacy,Satara,Mahabaleshwar,Private,Closed
PHR0022,Udgir Wellness Chemist,Latur,Udgir,Private,Open
PHR0023,Mahabaleshwar Medical Dispensary,Satara,Mahabaleshwar,Private,Open
PHR0024,Nandurbar Care Chemist,Dhule,Nandurbar,Government,Open
PHR0025,Mohol Wellness Dispensary,Solapur,Mohol,Private,Open
PHR0026,Achalpur Medical Store,Amravati,Achalpur,Private,Open
PHR0027,Gangapur Medical Dispensary,Aurangabad,Gangapur,Private,Open
PHR0028,Phaltan Care Pharmacy,Satara,Phaltan,Private,Open
PHR0029,Morshi Health Dispensary,Amravati,Morshi,Private,Open
PHR0030,Satara Health Dispensary,Satara,Satara,Government,Closed
PHR0031,Deoni Wellness Store,Latur,Deoni,Private,Open
PHR0032,Baramati Pharma Chemist,Pune,Baramati,Private,Open
PHR0033,Pandharpur Medical Chemist,Solapur,Pandharpur,Government,Open
PHR0034,Kopargaon Pharma Pharmacy,Ahmednagar,Kopargaon,Private,Open
PHR0035,Jalgaon Pharma Chemist,Jalgaon,Jalgaon,Government,Open
PHR0036,Wai Medical Store,Satara,Wai,Government,Closed
PHR0037,Pen Pharma Dispensary,Raigad,Pen,Government,Open
PHR0038,Mangalvedhe Care Store,Solapur,Mangalvedhe,Private,Open
PHR0039,Alibag Wellness Chemist,Raigad,Alibag,Government,Open
PHR0040,Shirpur Pharma Store,Dhule,Shirpur,Private,Closed
PHR0041,Dadar Pharma Chemist,Mumbai,Dadar,Private,Open
PHR0042,Pen Health Chemist,Raigad,Pen,Government,Open
PHR0043,Tasgaon Wellness Dispensary,Sangli,Tasgaon,Private,Open
PHR0044,Kamptee Health Store,Nagpur,Kamptee,Private,Closed
PHR0045,Amravati Pharma Dispensary,Amravati,Amravati,Private,Open
PHR0046,Miraj Pharma Store,Sangli,Miraj,Private,Open
PHR0047,Solapur Pharma Pharmacy,Solapur,Solapur,Private,Open
PHR0048,Solapur Pharma Dispensary,Solapur,Solapur,Private,Open
PHR0049,Dadar Wellness Dispensary,Mumbai,Dadar,Private,Closed
PHR0050,Paithan Care Store,Aurangabad,Paithan,Government,Open
PHR0051,Alibag Health Store,Raigad,Alibag,Government,Open
PHR0052,Kagal Wellness Dispensary,Kolhapur,Kagal,Government,Closed
PHR0053,Aurangabad Care Store,Aurangabad,Aurangabad,Private,Open
PHR0054,Mangalvedhe Medical Dispensary,Solapur,Mangalvedhe,Government,Open
PHR0055,Karjat Pharma Store,Raigad,Karjat,Government,Open
PHR0056,Uran Health Chemist,Raigad,Uran,Government,Closed
PHR0057,Igatpuri Medical Chemist,Nashik,Igatpuri,Private,Open
PHR0058,Morshi Medical Chemist,Amravati,Morshi,Private,Open
PHR0059,Kurla Wellness Chemist,Mumbai,Kurla,Government,Open
PHR0060,Andheri Care Chemist,Mumbai,Andheri,Private,Open
PHR0061,Kopargaon Medical Store,Ahmednagar,Kopargaon,Government,Open
PHR0062,Phaltan Health Chemist,Satara,Phaltan,Private,Open
PHR0063,Shirur Pharma Pharmacy,Pune,Shirur,Government,Open
PHR0064,Barshi Medical Store,Solapur,Barshi,Government,Closed
PHR0065,Wai Medical Dispensary,Satara,Wai,Private,Open
PHR0066,Miraj Medical Pharmacy,Sangli,Miraj,Private,Closed
PHR0067,Tasgaon Health Dispensary,Sangli,Tasgaon,Government,Open
PHR0068,Ausa Care Store,Latur,Ausa,Private,Closed
PHR0069,Pen Care Store,Raigad,Pen,Government,Open
PHR0070,Sillod Pharma Pharmacy,Aurangabad,Sillod,Government,Open
PHR0071,Solapur Care Dispensary,Solapur,Solapur,Government,Open
PHR0072,Khanapur Pharma Store,Sangli,Khanapur,Private,Open
PHR0073,Andheri Health Dispensary,Mumbai,Andheri,Government,Open
PHR0074,Sinnar Medical Chemist,Nashik,Sinnar,Private,Open
PHR0075,Nashik Care Store,Nashik,Nashik,Private,Open
PHR0076,Mahabaleshwar Care Chemist,Satara,Mahabaleshwar,Private,Open
PHR0077,Paithan Health Pharmacy,Aurangabad,Paithan,Private,Open
PHR0078,Sakri Health Pharmacy,Dhule,Sakri,Private,Open
PHR0079,Mohol Care Store,Solapur,Mohol,Private,Open
PHR0080,Hingna Pharma Pharmacy,Nagpur,Hingna,Government,Open
PHR0081,Kupwad Care Pharmacy,Sangli,Kupwad,Private,Open
PHR0082,Shrirampur Medical Store,Ahmednagar,Shrirampur,Private,Open
PHR0083,Baramati Pharma Store,Pune,Baramati,Private,Open
PHR0084,Nandurbar Medical Pharmacy,Dhule,Nandurbar,Private,Open
PHR0085,Mahabaleshwar Care Store,Satara,Mahabaleshwar,Private,Closed
PHR0086,Pandharpur Health Chemist,Solapur,Pandharpur,Private,Closed
PHR0087,Mumbai Pharma Pharmacy,Mumbai,Mumbai,Private,Closed
PHR0088,Kopargaon Health Pharmacy,Ahmednagar,Kopargaon,Private,Open
PHR0089,Sillod Care Pharmacy,Aurangabad,Sillod,Private,Open
PHR0090,Chopda Health Chemist,Jalgaon,Chopda,Private,Open
PHR0091,Butibori Medical Store,Nagpur,Butibori,Private,Open
PHR0092,Satara Medical Pharmacy,Satara,Satara,Government,Open
PHR0093,Aurangabad Wellness Dispensary,Aurangabad,Aurangabad,Private,Open
PHR0094,Mohol Medical Pharmacy,Solapur,Mohol,Government,Open
PHR0095,Rahuri Health Chemist,Ahmednagar,Rahuri,Private,Open
PHR0096,Talegaon Care Store,Pune,Talegaon,Government,Closed
PHR0097,Amravati Health Chemist,Amravati,Amravati,Private,Open
PHR0098,Sindkhede Wellness Pharmacy,Dhule,Sindkhede,Government,Open
PHR0099,Pune Health Pharmacy,Pune,Pune,Private,Open
PHR0100,Satara Medical Chemist,Satara,Satara,Government,Open
PHR0101,Malegaon Pharma Pharmacy,Nashik,Malegaon,Government,Open
PHR0102,Niphad Wellness Store,Nashik,Niphad,Government,Open
PHR0103,Talegaon Health Store,Pune,Talegaon,Private,Closed
PHR0104,Tasgaon Wellness Pharmacy,Sangli,Tasgaon,Private,Closed
PHR0105,Talegaon Medical Dispensary,Pune,Talegaon,Private,Open
PHR0106,Nandurbar Medical Dispensary,Dhule,Nandurbar,Private,Closed
PHR0107,Baramati Pharma Store,Pune,Baramati,Private,Open
PHR0108,Nashik Medical Store,Nashik,Nashik,Private,Closed
PHR0109,Sakri Pharma Pharmacy,Dhule,Sakri,Private,Closed
PHR0110,Daryapur Health Chemist,Amravati,Daryapur,Private,Closed
PHR0111,Daryapur Pharma Chemist,Amravati,Daryapur,Private,Closed
PHR0112,Tasgaon Medical Store,Sangli,Tasgaon,Government,Closed
PHR0113,Andheri Pharma Dispensary,Mumbai,Andheri,Government,Open
PHR0114,Chopda Pharma Store,Jalgaon,Chopda,Private,Open
PHR0115,Sinnar Pharma Dispensary,Nashik,Sinnar,Government,Closed
PHR0116,Sakri Pharma Store,Dhule,Sakri,Government,Open
PHR0117,Gangapur Care Pharmacy,Aurangabad,Gangapur,Private,Closed
PHR0118,Warud Care Dispensary,Amravati,Warud,Private,Open
PHR0119,Shirur Care Pharmacy,Pune,Shirur,Private,Open
PHR0120,Sillod Wellness Chemist,Aurangabad,Sillod,Government,Open
PHR0121,Nandurbar Pharma Pharmacy,Dhule,Nandurbar,Private,Closed
PHR0122,Sillod Care Dispensary,Aurangabad,Sillod,Government,Open
PHR0123,Uran Medical Chemist,Raigad,Uran,Private,Open
PHR0124,Borivali Wellness Store,Mumbai,Borivali,Government,Open
PHR0125,Sillod Health Dispensary,Aurangabad,Sillod,Private,Open
PHR0126,Deoni Care Store,Latur,Deoni,Private,Open
PHR0127,Dhule Pharma Pharmacy,Dhule,Dhule,Private,Open
PHR0128,Talegaon Health Dispensary,Pune,Talegaon,Private,Open
PHR0129,Amalner Health Store,Jalgaon,Amalner,Private,Open
PHR0130,Morshi Care Store,Amravati,Morshi,Private,Open
PHR0131,Baramati Care Chemist,Pune,Baramati,Government,Open
PHR0132,Pimpri-Chinchwad Pharma Store,Pune,Pimpri-Chinchwad,Private,Closed
PHR0133,Baramati Health Dispensary,Pune,Baramati,Private,Open
PHR0134,Pimpri-Chinchwad Care Dispensary,Pune,Pimpri-Chinchwad,Private,Open
PHR0135,Nashik Health Chemist,Nashik,Nashik,Government,Open
PHR0136,Paithan Health Pharmacy,Aurangabad,Paithan,Private,Open
PHR0137,Nashik Medical Store,Nashik,Nashik,Private,Open
PHR0138,Sangamner Medical Dispensary,Ahmednagar,Sangamner,Private,Open
PHR0139,Mangalvedhe Care Chemist,Solapur,Mangalvedhe,Government,Open
PHR0140,Rahuri Medical Dispensary,Ahmednagar,Rahuri,Government,Closed
PHR0141,Sinnar Pharma Dispensary,Nashik,Sinnar,Government,Open
PHR0142,Mohol Pharma Dispensary,Solapur,Mohol,Government,Open
PHR0143,Nandurbar Medical Pharmacy,Dhule,Nandurbar,Private,Open
PHR0144,Pandharpur Wellness Chemist,Solapur,Pandharpur,Private,Open
PHR0145,Bhusawal Pharma Chemist,Jalgaon,Bhusawal,Private,Closed
PHR0146,Shirpur Care Chemist,Dhule,Shirpur,Government,Open
PHR0147,Mumbai Medical Chemist,Mumbai,Mumbai,Private,Open
PHR0148,Sakri Health Dispensary,Dhule,Sakri,Private,Open
PHR0149,Hatkanangle Health Pharmacy,Kolhapur,Hatkanangle,Private,Open
PHR0150,Kamptee Care Dispensary,Nagpur,Kamptee,Private,Open
PHR0151,Borivali Medical Chemist,Mumbai,Borivali,Private,Open
PHR0152,Pandharpur Care Dispensary,Solapur,Pandharpur,Private,Open
PHR0153,Achalpur Wellness Store,Amravati,Achalpur,Government,Open
PHR0154,Warud Wellness Chemist,Amravati,Warud,Private,Closed
PHR0155,Nandurbar Care Chemist,Dhule,Nandurbar,Private,Open
PHR0156,Shrirampur Medical Chemist,Ahmednagar,Shrirampur,Government,Open
PHR0157,Tasgaon Medical Chemist,Sangli,Tasgaon,Private,Open
PHR0158,Tasgaon Health Dispensary,Sangli,Tasgaon,Government,Open
PHR0159,Kurla Health Pharmacy,Mumbai,Kurla,Private,Open
PHR0160,Mahabaleshwar Medical Dispensary,Satara,Mahabaleshwar,Private,Open
PHR0161,Khanapur Pharma Chemist,Sangli,Khanapur,Private,Open
PHR0162,Morshi Care Pharmacy,Amravati,Morshi,Private,Open
PHR0163,Hatkanangle Wellness Dispensary,Kolhapur,Hatkanangle,Private,Open
PHR0164,Vaijapur Pharma Store,Aurangabad,Vaijapur,Private,Open
PHR0165,Rahuri Care Dispensary,Ahmednagar,Rahuri,Government,Open
PHR0166,Mohol Wellness Dispensary,Solapur,Mohol,Private,Open
PHR0167,Hingna Medical Store,Nagpur,Hingna,Government,Open
PHR0168,Deoni Wellness Store,Latur,Deoni,Private,Open
PHR0169,Pimpri-Chinchwad Health Store,Pune,Pimpri-Chinchwad,Private,Open
PHR0170,Malegaon Pharma Pharmacy,Nashik,Malegaon,Private,Open
PHR0171,Miraj Medical Store,Sangli,Miraj,Government,Closed
PHR0172,Kamptee Pharma Store,Nagpur,Kamptee,Private,Open
PHR0173,Rahuri Health Chemist,Ahmednagar,Rahuri,Government,Open
PHR0174,Deoni Wellness Chemist,Latur,Deoni,Private,Open
PHR0175,Udgir Health Dispensary,Latur,Udgir,Private,Open
PHR0176,Pandharpur Medical Dispensary,Solapur,Pandharpur,Private,Open
PHR0177,Panvel Pharma Pharmacy,Raigad,Panvel,Private,Open
PHR0178,Butibori Wellness Store,Nagpur,Butibori,Private,Open
PHR0179,Rahuri Wellness Chemist,Ahmednagar,Rahuri,Private,Open
PHR0180,Sinnar Medical Pharmacy,Nashik,Sinnar,Government,Open
PHR0181,Andheri Care Pharmacy,Mumbai,Andheri,Private,Open
PHR0182,Achalpur Pharma Chemist,Amravati,Achalpur,Private,Closed
PHR0183,Vaijapur Medical Pharmacy,Aurangabad,Vaijapur,Private,Open
PHR0184,Udgir Care Dispensary,Latur,Udgir,Private,Open
PHR0185,Borivali Wellness Pharmacy,Mumbai,Borivali,Private,Open
PHR0186,Amalner Wellness Pharmacy,Jalgaon,Amalner,Government,Closed
PHR0187,Nandurbar Care Dispensary,Dhule,Nandurbar,Government,Closed
PHR0188,Talegaon Care Store,Pune,Talegaon,Private,Open
PHR0189,Pen Care Chemist,Raigad,Pen,Private,Closed
PHR0190,Pimpri-Chinchwad Wellness Chemist,Pune,Pimpri-Chinchwad,Government,Closed
PHR0191,Udgir Medical Chemist,Latur,Udgir,Government,Open
PHR0192,Kamptee Health Pharmacy,Nagpur,Kamptee,Private,Open
PHR0193,Pachora Care Dispensary,Jalgaon,Pachora,Government,Open
PHR0194,Dadar Health Chemist,Mumbai,Dadar,Private,Open
PHR0195,Shirur Care Chemist,Pune,Shirur,Private,Open
PHR0196,Daryapur Medical Store,Amravati,Daryapur,Government,Open
PHR0197,Shirur Pharma Pharmacy,Pune,Shirur,Private,Open
PHR0198,Shirpur Health Pharmacy,Dhule,Shirpur,Private,Open
PHR0199,Mangalvedhe Wellness Dispensary,Solapur,Mangalvedhe,Government,Open
PHR0200,Barshi Care Dispensary,Solapur,Barshi,Private,Open
PHR0201,Satara Wellness Chemist,Satara,Satara,Government,Open
PHR0202,Kopargaon Medical Pharmacy,Ahmednagar,Kopargaon,Private,Closed
PHR0203,Kupwad Pharma Chemist,Sangli,Kupwad,Private,Open
PHR0204,Daryapur Pharma Pharmacy,Amravati,Daryapur,Private,Open
PHR0205,Ichalkaranji Wellness Chemist,Kolhapur,Ichalkaranji,Private,Closed
PHR0206,Alibag Care Chemist,Raigad,Alibag,Government,Closed
PHR0207,Udgir Medical Dispensary,Latur,Udgir,Private,Open
PHR0208,Solapur Pharma Dispensary,Solapur,Solapur,Private,Open
PHR0209,Ahmednagar Wellness Pharmacy,Ahmednagar,Ahmednagar,Government,Open
PHR0210,Wai Wellness Pharmacy,Satara,Wai,Government,Open
PHR0211,Hingna Wellness Store,Nagpur,Hingna,Government,Open
PHR0212,Andheri Care Store,Mumbai,Andheri,Private,Open
PHR0213,Katol Medical Pharmacy,Nagpur,Katol,Private,Open
PHR0214,Igatpuri Health Dispensary,Nashik,Igatpuri,Government,Open
PHR0215,Pen Care Chemist,Raigad,Pen,Private,Open
PHR0216,Kupwad Medical Chemist,Sangli,Kupwad,Private,Open
PHR0217,Karad Pharma Store,Satara,Karad,Private,Open
PHR0218,Alibag Wellness Dispensary,Raigad,Alibag,Government,Open
PHR0219,Katol Care Chemist,Nagpur,Katol,Government,Closed
PHR0220,Deoni Pharma Dispensary,Latur,Deoni,Private,Open
PHR0221,Satara Medical Store,Satara,Satara,Government,Open
PHR0222,Tasgaon Care Dispensary,Sangli,Tasgaon,Private,Closed
PHR0223,Alibag Health Chemist,Raigad,Alibag,Private,Closed
PHR0224,Sangamner Care Store,Ahmednagar,Sangamner,Government,Open
PHR0225,Daryapur Health Pharmacy,Amravati,Daryapur,Government,Open
PHR0226,Kurla Pharma Chemist,Mumbai,Kurla,Government,Open
PHR0227,Phaltan Wellness Dispensary,Satara,Phaltan,Private,Open
PHR0228,Sangamner Health Store,Ahmednagar,Sangamner,Private,Closed
PHR0229,Borivali Medical Dispensary,Mumbai,Borivali,Government,Open
PHR0230,Shrirampur Medical Chemist,Ahmednagar,Shrirampur,Private,Open
PHR0231,Nandurbar Pharma Dispensary,Dhule,Nandurbar,Government,Open
PHR0232,Vaijapur Wellness Dispensary,Aurangabad,Vaijapur,Private,Open
PHR0233,Pandharpur Pharma Pharmacy,Solapur,Pandharpur,Government,Open
PHR0234,Igatpuri Wellness Store,Nashik,Igatpuri,Government,Open
PHR0235,Sangli Health Chemist,Sangli,Sangli,Private,Open
PHR0236,Igatpuri Care Store,Nashik,Igatpuri,Government,Open
PHR0237,Hatkanangle Wellness Dispensary,Kolhapur,Hatkanangle,Private,Closed
PHR0238,Chopda Pharma Store,Jalgaon,Chopda,Government,Open
PHR0239,Wai Health Pharmacy,Satara,Wai,Private,Open
PHR0240,Hingna Health Chemist,Nagpur,Hingna,Private,Closed
PHR0241,Sangli Health Chemist,Sangli,Sangli,Private,Open
PHR0242,Kolhapur Health Store,Kolhapur,Kolhapur,Government,Open
PHR0243,Kupwad Medical Dispensary,Sangli,Kupwad,Private,Open
PHR0244,Sindkhede Medical Store,Dhule,Sindkhede,Government,Open
PHR0245,Mohol Wellness Store,Solapur,Mohol,Private,Open
PHR0246,Pen Pharma Chemist,Raigad,Pen,Private,Open
PHR0247,Rahuri Pharma Store,Ahmednagar,Rahuri,Government,Open
PHR0248,Shirur Wellness Store,Pune,Shirur,Private,Open
PHR0249,Uran Health Pharmacy,Raigad,Uran,Private,Open
PHR0250,Aurangabad Care Chemist,Aurangabad,Aurangabad,Private,Open
PHR0251,Niphad Health Dispensary,Nashik,Niphad,Private,Open
PHR0252,Hatkanangle Wellness Pharmacy,Kolhapur,Hatkanangle,Private,Open
PHR0253,Amalner Medical Pharmacy,Jalgaon,Amalner,Government,Open
PHR0254,Amalner Health Pharmacy,Jalgaon,Amalner,Government,Open
PHR0255,Miraj Medical Store,Sangli,Miraj,Government,Open
PHR0256,Sindkhede Care Dispensary,Dhule,Sindkhede,Private,Open
PHR0257,Igatpuri Health Store,Nashik,Igatpuri,Private,Closed
PHR0258,Kagal Medical Chemist,Kolhapur,Kagal,Private,Closed
PHR0259,Wai Health Pharmacy,Satara,Wai,Private,Open
PHR0260,Hatkanangle Wellness Dispensary,Kolhapur,Hatkanangle,Government,Open
PHR0261,Warud Health Pharmacy,Amravati,Warud,Private,Open
PHR0262,Rahuri Wellness Dispensary,Ahmednagar,Rahuri,Government,Closed
PHR0263,Malegaon Care Store,Nashik,Malegaon,Private,Closed
PHR0264,Nilanga Care Pharmacy,Latur,Nilanga,Government,Open
PHR0265,Dadar Pharma Chemist,Mumbai,Dadar,Government,Open
PHR0266,Dhule Wellness Store,Dhule,Dhule,Government,Open
PHR0267,Nilanga Pharma Dispensary,Latur,Nilanga,Private,Closed
PHR0268,Daryapur Medical Pharmacy,Amravati,Daryapur,Government,Open
PHR0269,Sangli Care Chemist,Sangli,Sangli,Government,Open
PHR0270,Mahabaleshwar Pharma Chemist,Satara,Mahabaleshwar,Government,Open
PHR0271,Talegaon Pharma Pharmacy,Pune,Talegaon,Private,Open
PHR0272,Nagpur Pharma Dispensary,Nagpur,Nagpur,Private,Closed
PHR0273,Khanapur Health Chemist,Sangli,Khanapur,Private,Open
PHR0274,Tasgaon Pharma Pharmacy,Sangli,Tasgaon,Private,Closed
PHR0275,Butibori Wellness Chemist,Nagpur,Butibori,Private,Open
PHR0276,Uran Pharma Chemist,Raigad,Uran,Private,Open
PHR0277,Pandharpur Medical Pharmacy,Solapur,Pandharpur,Private,Open
PHR0278,Satara Care Dispensary,Satara,Satara,Government,Closed
PHR0279,Khanapur Health Store,Sangli,Khanapur,Private,Closed
PHR0280,Khanapur Health Pharmacy,Sangli,Khanapur,Private,Open
PHR0281,Karad Care Chemist,Satara,Karad,Private,Open
PHR0282,Amravati Medical Pharmacy,Amravati,Amravati,Private,Open
PHR0283,Achalpur Care Store,Amravati,Achalpur,Private,Closed
PHR0284,Shrirampur Wellness Pharmacy,Ahmednagar,Shrirampur,Private,Open
PHR0285,Chopda Health Store,Jalgaon,Chopda,Private,Open
PHR0286,Mohol Wellness Store,Solapur,Mohol,Private,Open
PHR0287,Aurangabad Pharma Dispensary,Aurangabad,Aurangabad,Government,Closed
PHR0288,Amalner Medical Dispensary,Jalgaon,Amalner,Private,Open
PHR0289,Morshi Medical Store,Amravati,Morshi,Private,Open
PHR0290,Pen Pharma Chemist,Raigad,Pen,Government,Open
PHR0291,Warud Health Dispensary,Amravati,Warud,Private,Open
PHR0292,Phaltan Wellness Store,Satara,Phaltan,Government,Closed
PHR0293,Nashik Health Store,Nashik,Nashik,Private,Open
PHR0294,Udgir Care Dispensary,Latur,Udgir,Private,Open
PHR0295,Dadar Pharma Chemist,Mumbai,Dadar,Government,Open
PHR0296,Mohol Wellness Dispensary,Solapur,Mohol,Private,Open
PHR0297,Alibag Medical Store,Raigad,Alibag,Government,Open
PHR0298,Gangapur Health Pharmacy,Aurangabad,Gangapur,Private,Open
PHR0299,Alibag Care Store,Raigad,Alibag,Private,Open
PHR0300,Deoni Wellness Chemist,Latur,Deoni,Private,Open
PHR0301,Borivali Health Chemist,Mumbai,Borivali,Private,Open
PHR0302,Chopda Care Chemist,Jalgaon,Chopda,Private,Open
PHR0303,Jalgaon Pharma Dispensary,Jalgaon,Jalgaon,Private,Open
PHR0304,Bhusawal Medical Store,Jalgaon,Bhusawal,Private,Open
PHR0305,Aurangabad Health Store,Aurangabad,Aurangabad,Private,Open
PHR0306,Udgir Care Pharmacy,Latur,Udgir,Private,Open
PHR0307,Butibori Pharma Chemist,Nagpur,Butibori,Government,Open
PHR0308,Satara Health Chemist,Satara,Satara,Private,Closed
PHR0309,Kagal Medical Chemist,Kolhapur,Kagal,Private,Open
PHR0310,Alibag Wellness Pharmacy,Raigad,Alibag,Private,Open
PHR0311,Uran Health Store,Raigad,Uran,Private,Open
PHR0312,Achalpur Wellness Pharmacy,Amravati,Achalpur,Private,Open
PHR0313,Ahmednagar Medical Pharmacy,Ahmednagar,Ahmednagar,Private,Open
PHR0314,Karad Wellness Chemist,Satara,Karad,Private,Open
PHR0315,Morshi Care Pharmacy,Amravati,Morshi,Private,Open
PHR0316,Tasgaon Care Store,Sangli,Tasgaon,Government,Open
PHR0317,Daryapur Health Dispensary,Amravati,Daryapur,Government,Open
PHR0318,Hatkanangle Medical Dispensary,Kolhapur,Hatkanangle,Government,Open
PHR0319,Pimpri-Chinchwad Health Chemist,Pune,Pimpri-Chinchwad,Private,Closed
PHR0320,Radhanagari Medical Store,Kolhapur,Radhanagari,Government,Open
PHR0321,Jalgaon Health Dispensary,Jalgaon,Jalgaon,Private,Open
PHR0322,Amalner Wellness Pharmacy,Jalgaon,Amalner,Private,Open
PHR0323,Achalpur Medical Chemist,Amravati,Achalpur,Private,Open
PHR0324,Mohol Medical Dispensary,Solapur,Mohol,Government,Open
PHR0325,Dadar Wellness Chemist,Mumbai,Dadar,Private,Open
PHR0326,Bhusawal Wellness Chemist,Jalgaon,Bhusawal,Private,Open
PHR0327,Shirur Pharma Store,Pune,Shirur,Government,Open
PHR0328,Malegaon Care Pharmacy,Nashik,Malegaon,Private,Open
PHR0329,Deoni Pharma Dispensary,Latur,Deoni,Government,Open
PHR0330,Sakri Care Dispensary,Dhule,Sakri,Private,Closed
PHR0331,Talegaon Pharma Dispensary,Pune,Talegaon,Government,Open
PHR0332,Ichalkaranji Pharma Store,Kolhapur,Ichalkaranji,Private,Open
PHR0333,Sangli Care Store,Sangli,Sangli,Private,Closed
PHR0334,Talegaon Pharma Pharmacy,Pune,Talegaon,Private,Open
PHR0335,Kurla Health Dispensary,Mumbai,Kurla,Private,Open
PHR0336,Alibag Medical Chemist,Raigad,Alibag,Private,Closed
PHR0337,Phaltan Health Pharmacy,Satara,Phaltan,Private,Open
PHR0338,Pune Health Store,Pune,Pune,Private,Open
PHR0339,Ahmednagar Wellness Pharmacy,Ahmednagar,Ahmednagar,Private,Open
PHR0340,Pimpri-Chinchwad Health Chemist,Pune,Pimpri-Chinchwad,Government,Open
PHR0341,Sangli Health Chemist,Sangli,Sangli,Private,Open
PHR0342,Shrirampur Wellness Pharmacy,Ahmednagar,Shrirampur,Private,Closed
PHR0343,Pune Medical Pharmacy,Pune,Pune,Private,Open
PHR0344,Latur Medical Pharmacy,Latur,Latur,Private,Closed
PHR0345,Sinnar Medical Chemist,Nashik,Sinnar,Private,Closed
PHR0346,Pimpri-Chinchwad Health Dispensary,Pune,Pimpri-Chinchwad,Private,Open
PHR0347,Malegaon Health Pharmacy,Nashik,Malegaon,Private,Open
PHR0348,Pandharpur Health Store,Solapur,Pandharpur,Private,Closed
PHR0349,Uran Wellness Pharmacy,Raigad,Uran,Private,Closed
PHR0350,Karjat Health Pharmacy,Raigad,Karjat,Private,Open
PHR0351,Karjat Health Dispensary,Raigad,Karjat,Private,Open
PHR0352,Morshi Health Pharmacy,Amravati,Morshi,Private,Open
PHR0353,Sakri Pharma Pharmacy,Dhule,Sakri,Private,Open
PHR0354,Alibag Care Store,Raigad,Alibag,Private,Open
PHR0355,Aurangabad Pharma Pharmacy,Aurangabad,Aurangabad,Private,Closed
PHR0356,Nandurbar Wellness Dispensary,Dhule,Nandurbar,Private,Open
PHR0357,Shirpur Medical Store,Dhule,Shirpur,Government,Open
PHR0358,Jalgaon Pharma Chemist,Jalgaon,Jalgaon,Government,Closed
PHR0359,Aurangabad Care Chemist,Aurangabad,Aurangabad,Government,Closed
PHR0360,Malegaon Wellness Chemist,Nashik,Malegaon,Government,Closed
PHR0361,Nagpur Pharma Store,Nagpur,Nagpur,Private,Open
PHR0362,Satara Care Pharmacy,Satara,Satara,Private,Open
PHR0363,Sillod Medical Chemist,Aurangabad,Sillod,Private,Open
PHR0364,Karad Care Dispensary,Satara,Karad,Private,Open
PHR0365,Dhule Care Dispensary,Dhule,Dhule,Government,Open
PHR0366,Panvel Wellness Dispensary,Raigad,Panvel,Private,Open
PHR0367,Sillod Care Pharmacy,Aurangabad,Sillod,Private,Open
PHR0368,Gangapur Wellness Pharmacy,Aurangabad,Gangapur,Private,Open
PHR0369,Pen Health Dispensary,Raigad,Pen,Government,Closed
PHR0370,Radhanagari Health Chemist,Kolhapur,Radhanagari,Private,Open
PHR0371,Satara Care Store,Satara,Satara,Government,Open
PHR0372,Daryapur Medical Pharmacy,Amravati,Daryapur,Private,Open
PHR0373,Sillod Pharma Dispensary,Aurangabad,Sillod,Government,Open
PHR0374,Baramati Wellness Store,Pune,Baramati,Government,Open
PHR0375,Karjat Care Chemist,Raigad,Karjat,Government,Open
PHR0376,Ichalkaranji Pharma Store,Kolhapur,Ichalkaranji,Private,Open
PHR0377,Niphad Pharma Dispensary,Nashik,Niphad,Private,Open
PHR0378,Deoni Pharma Dispensary,Latur,Deoni,Private,Closed
PHR0379,Nashik Wellness Dispensary,Nashik,Nashik,Private,Open
PHR0380,Karad Health Dispensary,Satara,Karad,Government,Closed
PHR0381,Mangalvedhe Medical Dispensary,Solapur,Mangalvedhe,Government,Open
PHR0382,Pen Care Store,Raigad,Pen,Private,Open
PHR0383,Amravati Care Store,Amravati,Amravati,Private,Closed
PHR0384,Achalpur Health Pharmacy,Amravati,Achalpur,Private,Open
PHR0385,Rahuri Care Dispensary,Ahmednagar,Rahuri,Private,Open
PHR0386,Pachora Care Dispensary,Jalgaon,Pachora,Private,Open
PHR0387,Amalner Medical Store,Jalgaon,Amalner,Private,Closed
PHR0388,Kolhapur Health Dispensary,Kolhapur,Kolhapur,Private,Closed
PHR0389,Sinnar Medical Store,Nashik,Sinnar,Private,Open
PHR0390,Pandharpur Wellness Store,Solapur,Pandharpur,Government,Open
PHR0391,Pachora Care Pharmacy,Jalgaon,Pachora,Private,Open
PHR0392,Chopda Wellness Chemist,Jalgaon,Chopda,Government,Closed
PHR0393,Pune Medical Chemist,Pune,Pune,Private,Open
PHR0394,Latur Medical Chemist,Latur,Latur,Private,Open
PHR0395,Chopda Wellness Dispensary,Jalgaon,Chopda,Government,Open
PHR0396,Uran Pharma Dispensary,Raigad,Uran,Private,Open
PHR0397,Kamptee Care Dispensary,Nagpur,Kamptee,Government,Open
PHR0398,Rahuri Health Chemist,Ahmednagar,Rahuri,Private,Open
PHR0399,Alibag Care Store,Raigad,Alibag,Private,Closed
PHR0400,Daryapur Wellness Chemist,Amravati,Daryapur,Private,Open
PHR0401,Nagpur Care Dispensary,Nagpur,Nagpur,Private,Open
PHR0402,Kagal Medical Dispensary,Kolhapur,Kagal,Government,Open
PHR0403,Wai Medical Dispensary,Satara,Wai,Government,Open
PHR0404,Udgir Care Chemist,Latur,Udgir,Government,Open
PHR0405,Baramati Health Pharmacy,Pune,Baramati,Private,Open
PHR0406,Talegaon Care Store,Pune,Talegaon,Private,Open
PHR0407,Ahmednagar Health Store,Ahmednagar,Ahmednagar,Private,Open
PHR0408,Shirpur Medical Pharmacy,Dhule,Shirpur,Government,Open
PHR0409,Hatkanangle Health Pharmacy,Kolhapur,Hatkanangle,Private,Open
PHR0410,Vaijapur Pharma Store,Aurangabad,Vaijapur,Private,Closed
PHR0411,Wai Health Chemist,Satara,Wai,Government,Open
PHR0412,Nandurbar Medical Store,Dhule,Nandurbar,Government,Open
PHR0413,Sillod Medical Store,Aurangabad,Sillod,Private,Closed
PHR0414,Dhule Care Store,Dhule,Dhule,Private,Open
PHR0415,Hatkanangle Health Dispensary,Kolhapur,Hatkanangle,Government,Open
PHR0416,Shirur Care Chemist,Pune,Shirur,Private,Open
PHR0417,Bhusawal Pharma Store,Jalgaon,Bhusawal,Private,Open
PHR0418,Nandurbar Wellness Chemist,Dhule,Nandurbar,Private,Closed
PHR0419,Jalgaon Care Dispensary,Jalgaon,Jalgaon,Private,Open
PHR0420,Borivali Pharma Chemist,Mumbai,Borivali,Private,Open
PHR0421,Niphad Wellness Dispensary,Nashik,Niphad,Government,Open
PHR0422,Talegaon Wellness Chemist,Pune,Talegaon,Private,Closed
PHR0423,Hingna Medical Chemist,Nagpur,Hingna,Private,Open
PHR0424,Sangamner Health Dispensary,Ahmednagar,Sangamner,Private,Closed
PHR0425,Ausa Care Pharmacy,Latur,Ausa,Government,Open
PHR0426,Karad Wellness Pharmacy,Satara,Karad,Government,Open
PHR0427,Tasgaon Medical Chemist,Sangli,Tasgaon,Private,Open
PHR0428,Amravati Care Chemist,Amravati,Amravati,Private,Open
PHR0429,Vaijapur Care Pharmacy,Aurangabad,Vaijapur,Government,Closed
PHR0430,Hatkanangle Wellness Dispensary,Kolhapur,Hatkanangle,Private,Open
PHR0431,Sillod Wellness Store,Aurangabad,Sillod,Government,Open
PHR0432,Dadar Medical Dispensary,Mumbai,Dadar,Government,Open
PHR0433,Pandharpur Medical Pharmacy,Solapur,Pandharpur,Private,Open
PHR0434,Shirpur Health Store,Dhule,Shirpur,Private,Open
PHR0435,Solapur Pharma Chemist,Solapur,Solapur,Private,Open
PHR0436,Warud Health Store,Amravati,Warud,Private,Open
PHR0437,Nilanga Health Pharmacy,Latur,Nilanga,Private,Open
PHR0438,Kagal Wellness Store,Kolhapur,Kagal,Private,Open
PHR0439,Kurla Pharma Chemist,Mumbai,Kurla,Private,Open
PHR0440,Dadar Care Dispensary,Mumbai,Dadar,Private,Open
PHR0441,Gangapur Health Pharmacy,Aurangabad,Gangapur,Private,Open
PHR0442,Mumbai Pharma Dispensary,Mumbai,Mumbai,Private,Open
PHR0443,Bhusawal Care Store,Jalgaon,Bhusawal,Government,Closed
PHR0444,Jalgaon Wellness Chemist,Jalgaon,Jalgaon,Private,Open
PHR0445,Wai Health Store,Satara,Wai,Private,Open
PHR0446,Mangalvedhe Health Dispensary,Solapur,Mangalvedhe,Private,Open
PHR0447,Kupwad Wellness Dispensary,Sangli,Kupwad,Private,Open
PHR0448,Kagal Care Chemist,Kolhapur,Kagal,Private,Open
PHR0449,Uran Health Dispensary,Raigad,Uran,Private,Open
PHR0450,Radhanagari Care Store,Kolhapur,Radhanagari,Private,Open
PHR0451,Kopargaon Health Dispensary,Ahmednagar,Kopargaon,Government,Open
PHR0452,Kopargaon Wellness Pharmacy,Ahmednagar,Kopargaon,Government,Closed
PHR0453,Sakri Health Dispensary,Dhule,Sakri,Private,Open
PHR0454,Solapur Wellness Pharmacy,Solapur,Solapur,Private,Open
PHR0455,Uran Health Chemist,Raigad,Uran,Government,Open
PHR0456,Dadar Health Pharmacy,Mumbai,Dadar,Government,Closed
PHR0457,Gangapur Pharma Chemist,Aurangabad,Gangapur,Private,Open
PHR0458,Kurla Care Store,Mumbai,Kurla,Private,Open
PHR0459,Wai Wellness Store,Satara,Wai,Government,Open
PHR0460,Sangli Wellness Store,Sangli,Sangli,Private,Closed
PHR0461,Mumbai Pharma Pharmacy,Mumbai,Mumbai,Government,Open
PHR0462,Rahuri Pharma Store,Ahmednagar,Rahuri,Government,Open
PHR0463,Khanapur Medical Store,Sangli,Khanapur,Private,Closed
PHR0464,Nilanga Medical Pharmacy,Latur,Nilanga,Government,Closed
PHR0465,Nashik Pharma Chemist,Nashik,Nashik,Private,Open
PHR0466,Sillod Medical Chemist,Aurangabad,Sillod,Private,Open
PHR0467,Hingna Care Store,Nagpur,Hingna,Private,Open
PHR0468,Phaltan Care Pharmacy,Satara,Phaltan,Private,Open
PHR0469,Radhanagari Pharma Dispensary,Kolhapur,Radhanagari,Government,Open
PHR0470,Hingna Health Chemist,Nagpur,Hingna,Government,Open
PHR0471,Mahabaleshwar Pharma Dispensary,Satara,Mahabaleshwar,Government,Open
PHR0472,Igatpuri Health Dispensary,Nashik,Igatpuri,Private,Open
PHR0473,Udgir Care Dispensary,Latur,Udgir,Private,Open
PHR0474,Rahuri Wellness Chemist,Ahmednagar,Rahuri,Government,Open
PHR0475,Mangalvedhe Pharma Chemist,Solapur,Mangalvedhe,Private,Closed
PHR0476,Sillod Pharma Dispensary,Aurangabad,Sillod,Private,Open
PHR0477,Phaltan Care Dispensary,Satara,Phaltan,Government,Open
PHR0478,Hingna Medical Chemist,Nagpur,Hingna,Government,Open
PHR0479,Miraj Health Chemist,Sangli,Miraj,Government,Open
PHR0480,Sindkhede Wellness Chemist,Dhule,Sindkhede,Private,Open
PHR0481,Achalpur Medical Chemist,Amravati,Achalpur,Private,Open
PHR0482,Paithan Medical Store,Aurangabad,Paithan,Private,Open
PHR0483,Igatpuri Care Chemist,Nashik,Igatpuri,Government,Open
PHR0484,Achalpur Health Dispensary,Amravati,Achalpur,Government,Closed
PHR0485,Pimpri-Chinchwad Pharma Dispensary,Pune,Pimpri-Chinchwad,Private,Open
PHR0486,Shrirampur Medical Store,Ahmednagar,Shrirampur,Private,Open
PHR0487,Aurangabad Medical Dispensary,Aurangabad,Aurangabad,Private,Open
PHR0488,Kopargaon Care Chemist,Ahmednagar,Kopargaon,Private,Open
PHR0489,Karjat Pharma Store,Raigad,Karjat,Private,Open
PHR0490,Latur Wellness Chemist,Latur,Latur,Private,Closed
PHR0491,Tasgaon Medical Dispensary,Sangli,Tasgaon,Government,Open
PHR0492,Dadar Wellness Store,Mumbai,Dadar,Private,Open
PHR0493,Borivali Wellness Chemist,Mumbai,Borivali,Private,Open
PHR0494,Kupwad Pharma Store,Sangli,Kupwad,Private,Closed
PHR0495,Katol Pharma Store,Nagpur,Katol,Government,Open
PHR0496,Amalner Pharma Chemist,Jalgaon,Amalner,Private,Open
PHR0497,Baramati Pharma Pharmacy,Pune,Baramati,Government,Closed
PHR0498,Katol Pharma Chemist,Nagpur,Katol,Private,Open
PHR0499,Udgir Medical Chemist,Latur,Udgir,Private,Open
PHR0500,Daryapur Pharma Chemist,Amravati,Daryapur,Government,Open
PHR0501,Karad Medical Pharmacy,Satara,Karad,Private,Open
PHR0502,Hingna Care Pharmacy,Nagpur,Hingna,Private,Open
PHR0503,Nilanga Medical Chemist,Latur,Nilanga,Private,Open
PHR0504,Kupwad Care Pharmacy,Sangli,Kupwad,Government,Open
PHR0505,Nagpur Health Chemist,Nagpur,Nagpur,Private,Closed
PHR0506,Andheri Health Dispensary,Mumbai,Andheri,Private,Open
PHR0507,Alibag Medical Pharmacy,Raigad,Alibag,Private,Closed
PHR0508,Barshi Pharma Chemist,Solapur,Barshi,Private,Closed
PHR0509,Sindkhede Medical Pharmacy,Dhule,Sindkhede,Government,Open
PHR0510,Morshi Medical Chemist,Amravati,Morshi,Private,Open
PHR0511,Pachora Wellness Store,Jalgaon,Pachora,Government,Open
PHR0512,Warud Care Store,Amravati,Warud,Private,Open
PHR0513,Mahabaleshwar Pharma Store,Satara,Mahabaleshwar,Private,Open
PHR0514,Ausa Care Store,Latur,Ausa,Government,Open
PHR0515,Panvel Medical Chemist,Raigad,Panvel,Private,Closed
PHR0516,Mumbai Health Store,Mumbai,Mumbai,Private,Open
PHR0517,Aurangabad Medical Chemist,Aurangabad,Aurangabad,Private,Open
PHR0518,Sangamner Care Store,Ahmednagar,Sangamner,Government,Open
PHR0519,Radhanagari Medical Dispensary,Kolhapur,Radhanagari,Private,Open
PHR0520,Niphad Health Pharmacy,Nashik,Niphad,Private,Open
PHR0521,Panvel Health Pharmacy,Raigad,Panvel,Private,Open
PHR0522,Paithan Pharma Chemist,Aurangabad,Paithan,Private,Open
PHR0523,Nagpur Wellness Chemist,Nagpur,Nagpur,Government,Open
PHR0524,Chopda Pharma Pharmacy,Jalgaon,Chopda,Private,Open
PHR0525,Pen Wellness Dispensary,Raigad,Pen,Government,Open
PHR0526,Uran Pharma Chemist,Raigad,Uran,Private,Open
PHR0527,Jalgaon Wellness Store,Jalgaon,Jalgaon,Government,Open
PHR0528,Katol Pharma Pharmacy,Nagpur,Katol,Private,Open
PHR0529,Pandharpur Wellness Pharmacy,Solapur,Pandharpur,Private,Open
PHR0530,Kupwad Health Chemist,Sangli,Kupwad,Private,Open
PHR0531,Dadar Health Dispensary,Mumbai,Dadar,Government,Open
PHR0532,Shirpur Health Dispensary,Dhule,Shirpur,Private,Open
PHR0533,Nandurbar Care Pharmacy,Dhule,Nandurbar,Private,Closed
PHR0534,Borivali Care Pharmacy,Mumbai,Borivali,Government,Closed
PHR0535,Kamptee Health Pharmacy,Nagpur,Kamptee,Private,Open
PHR0536,Udgir Pharma Dispensary,Latur,Udgir,Private,Open
PHR0537,Karad Medical Dispensary,Satara,Karad,Government,Closed
PHR0538,Ausa Health Pharmacy,Latur,Ausa,Private,Open
PHR0539,Mahabaleshwar Care Dispensary,Satara,Mahabaleshwar,Private,Open
PHR0540,Dhule Health Dispensary,Dhule,Dhule,Government,Open
PHR0541,Pen Pharma Chemist,Raigad,Pen,Government,Open
PHR0542,Butibori Wellness Store,Nagpur,Butibori,Private,Open
PHR0543,Morshi Medical Chemist,Amravati,Morshi,Private,Open
PHR0544,Butibori Medical Chemist,Nagpur,Butibori,Private,Open
PHR0545,Kopargaon Health Store,Ahmednagar,Kopargaon,Private,Open
PHR0546,Sillod Pharma Pharmacy,Aurangabad,Sillod,Private,Open
PHR0547,Chopda Health Dispensary,Jalgaon,Chopda,Government,Open
PHR0548,Kupwad Care Store,Sangli,Kupwad,Private,Open
PHR0549,Baramati Care Store,Pune,Baramati,Private,Open
PHR0550,Pune Pharma Pharmacy,Pune,Pune,Private,Open
PHR0551,Daryapur Pharma Dispensary,Amravati,Daryapur,Private,Open
PHR0552,Katol Health Chemist,Nagpur,Katol,Private,Open
PHR0553,Achalpur Medical Store,Amravati,Achalpur,Private,Closed
PHR0554,Achalpur Wellness Chemist,Amravati,Achalpur,Private,Open
PHR0555,Pune Medical Chemist,Pune,Pune,Private,Closed
PHR0556,Hatkanangle Pharma Dispensary,Kolhapur,Hatkanangle,Private,Open
PHR0557,Sangli Medical Chemist,Sangli,Sangli,Private,Closed
PHR0558,Kolhapur Medical Store,Kolhapur,Kolhapur,Private,Open
PHR0559,Amalner Medical Pharmacy,Jalgaon,Amalner,Private,Open
PHR0560,Hingna Wellness Chemist,Nagpur,Hingna,Private,Closed
PHR0561,Paithan Care Dispensary,Aurangabad,Paithan,Government,Open
PHR0562,Daryapur Health Chemist,Amravati,Daryapur,Private,Open
PHR0563,Malegaon Health Dispensary,Nashik,Malegaon,Private,Open
PHR0564,Rahuri Pharma Chemist,Ahmednagar,Rahuri,Government,Open
PHR0565,Gangapur Medical Pharmacy,Aurangabad,Gangapur,Government,Open
PHR0566,Mangalvedhe Care Pharmacy,Solapur,Mangalvedhe,Private,Open
PHR0567,Niphad Wellness Dispensary,Nashik,Niphad,Private,Open
PHR0568,Alibag Wellness Store,Raigad,Alibag,Government,Open
PHR0569,Kamptee Medical Store,Nagpur,Kamptee,Private,Open
PHR0570,Amravati Pharma Chemist,Amravati,Amravati,Private,Closed
PHR0571,Ichalkaranji Care Chemist,Kolhapur,Ichalkaranji,Private,Open
PHR0572,Tasgaon Pharma Chemist,Sangli,Tasgaon,Private,Open
PHR0573,Kolhapur Health Dispensary,Kolhapur,Kolhapur,Private,Open
PHR0574,Pen Pharma Chemist,Raigad,Pen,Government,Open
PHR0575,Udgir Care Pharmacy,Latur,Udgir,Private,Open
PHR0576,Mahabaleshwar Wellness Chemist,Satara,Mahabaleshwar,Private,Open
PHR0577,Dhule Health Pharmacy,Dhule,Dhule,Private,Open
PHR0578,Pachora Pharma Pharmacy,Jalgaon,Pachora,Government,Open
PHR0579,Tasgaon Pharma Store,Sangli,Tasgaon,Private,Open
PHR0580,Warud Wellness Store,Amravati,Warud,Government,Open
PHR0581,Kurla Wellness Store,Mumbai,Kurla,Private,Closed
PHR0582,Paithan Medical Chemist,Aurangabad,Paithan,Private,Closed
PHR0583,Deoni Medical Store,Latur,Deoni,Government,Open
PHR0584,Dhule Care Dispensary,Dhule,Dhule,Private,Open
PHR0585,Alibag Medical Chemist,Raigad,Alibag,Government,Open
PHR0586,Warud Pharma Chemist,Amravati,Warud,Private,Closed
PHR0587,Alibag Pharma Pharmacy,Raigad,Alibag,Private,Open
PHR0588,Barshi Medical Chemist,Solapur,Barshi,Private,Open
PHR0589,Shirur Medical Store,Pune,Shirur,Private,Open
PHR0590,Sangli Pharma Chemist,Sangli,Sangli,Private,Open
PHR0591,Baramati Health Store,Pune,Baramati,Government,Closed
PHR0592,Pimpri-Chinchwad Medical Store,Pune,Pimpri-Chinchwad,Private,Open
PHR0593,Hingna Wellness Store,Nagpur,Hingna,Government,Open
PHR0594,Pachora Wellness Pharmacy,Jalgaon,Pachora,Private,Open
PHR0595,Nashik Wellness Dispensary,Nashik,Nashik,Private,Open
PHR0596,Ichalkaranji Pharma Store,Kolhapur,Ichalkaranji,Government,Open
PHR0597,Sangli Pharma Pharmacy,Sangli,Sangli,Private,Open
PHR0598,Sinnar Pharma Chemist,Nashik,Sinnar,Government,Open
PHR0599,Sangli Wellness Dispensary,Sangli,Sangli,Private,Closed
PHR0600,Phaltan Pharma Pharmacy,Satara,Phaltan,Private,Open
PHR0601,Pimpri-Chinchwad Wellness Chemist,Pune,Pimpri-Chinchwad,Private,Open
PHR0602,Ichalkaranji Health Pharmacy,Kolhapur,Ichalkaranji,Private,Open
PHR0603,Katol Wellness Store,Nagpur,Katol,Government,Open
PHR0604,Warud Medical Dispensary,Amravati,Warud,Private,Closed
PHR0605,Barshi Health Dispensary,Solapur,Barshi,Private,Open
PHR0606,Pachora Health Dispensary,Jalgaon,Pachora,Government,Closed
PHR0607,Khanapur Care Dispensary,Sangli,Khanapur,Private,Closed
PHR0608,Shirur Wellness Chemist,Pune,Shirur,Private,Open
PHR0609,Bhusawal Health Store,Jalgaon,Bhusawal,Government,Open
PHR0610,Pandharpur Health Store,Solapur,Pandharpur,Private,Open
PHR0611,Warud Pharma Pharmacy,Amravati,Warud,Private,Open
PHR0612,Vaijapur Health Chemist,Aurangabad,Vaijapur,Private,Open
PHR0613,Talegaon Wellness Store,Pune,Talegaon,Private,Open
PHR0614,Vaijapur Wellness Chemist,Aurangabad,Vaijapur,Government,Open
PHR0615,Borivali Care Store,Mumbai,Borivali,Private,Open
PHR0616,Uran Pharma Store,Raigad,Uran,Private,Open
PHR0617,Pandharpur Care Dispensary,Solapur,Pandharpur,Private,Open
PHR0618,Nilanga Wellness Pharmacy,Latur,Nilanga,Government,Closed
PHR0619,Miraj Care Dispensary,Sangli,Miraj,Government,Open
PHR0620,Sindkhede Pharma Dispensary,Dhule,Sindkhede,Private,Open
PHR0621,Pen Pharma Store,Raigad,Pen,Government,Open
PHR0622,Jalgaon Wellness Chemist,Jalgaon,Jalgaon,Private,Open
PHR0623,Mangalvedhe Medical Pharmacy,Solapur,Mangalvedhe,Government,Open
PHR0624,Karjat Wellness Store,Raigad,Karjat,Private,Closed
PHR0625,Amalner Pharma Pharmacy,Jalgaon,Amalner,Private,Open
PHR0626,Wai Wellness Pharmacy,Satara,Wai,Private,Open
PHR0627,Shrirampur Pharma Store,Ahmednagar,Shrirampur,Private,Open
PHR0628,Kurla Health Pharmacy,Mumbai,Kurla,Government,Closed
PHR0629,Mumbai Medical Dispensary,Mumbai,Mumbai,Private,Open
PHR0630,Morshi Medical Dispensary,Amravati,Morshi,Private,Open
PHR0631,Kupwad Health Chemist,Sangli,Kupwad,Private,Closed
PHR0632,Aurangabad Care Dispensary,Aurangabad,Aurangabad,Government,Closed
PHR0633,Sangamner Wellness Store,Ahmednagar,Sangamner,Private,Open
PHR0634,Chopda Wellness Store,Jalgaon,Chopda,Private,Closed
PHR0635,Ausa Pharma Dispensary,Latur,Ausa,Private,Open
PHR0636,Sillod Care Chemist,Aurangabad,Sillod,Private,Open
PHR0637,Hingna Medical Dispensary,Nagpur,Hingna,Private,Open
PHR0638,Sillod Health Pharmacy,Aurangabad,Sillod,Private,Open
PHR0639,Pune Health Dispensary,Pune,Pune,Private,Open
PHR0640,Borivali Pharma Chemist,Mumbai,Borivali,Private,Open
PHR0641,Kolhapur Health Pharmacy,Kolhapur,Kolhapur,Private,Open
PHR0642,Nashik Care Dispensary,Nashik,Nashik,Private,Closed
PHR0643,Sakri Health Store,Dhule,Sakri,Private,Closed
PHR0644,Sakri Care Dispensary,Dhule,Sakri,Private,Open
PHR0645,Mumbai Medical Chemist,Mumbai,Mumbai,Private,Open
PHR0646,Gangapur Wellness Pharmacy,Aurangabad,Gangapur,Private,Open
PHR0647,Pune Health Chemist,Pune,Pune,Private,Open
PHR0648,Mohol Health Dispensary,Solapur,Mohol,Private,Open
PHR0649,Pimpri-Chinchwad Health Pharmacy,Pune,Pimpri-Chinchwad,Private,Open
PHR0650,Ahmednagar Care Pharmacy,Ahmednagar,Ahmednagar,Government,Open
PHR0651,Morshi Pharma Chemist,Amravati,Morshi,Private,Open
PHR0652,Igatpuri Wellness Pharmacy,Nashik,Igatpuri,Private,Open
PHR0653,Talegaon Pharma Store,Pune,Talegaon,Private,Open
PHR0654,Niphad Pharma Store,Nashik,Niphad,Private,Open
PHR0655,Chopda Health Chemist,Jalgaon,Chopda,Private,Open
PHR0656,Kamptee Wellness Store,Nagpur,Kamptee,Private,Open
PHR0657,Satara Medical Chemist,Satara,Satara,Private,Open
PHR0658,Latur Health Pharmacy,Latur,Latur,Government,Open
PHR0659,Ahmednagar Health Store,Ahmednagar,Ahmednagar,Private,Open
PHR0660,Sinnar Medical Chemist,Nashik,Sinnar,Private,Open
PHR0661,Sangamner Wellness Dispensary,Ahmednagar,Sangamner,Government,Open
PHR0662,Panvel Wellness Chemist,Raigad,Panvel,Private,Closed
PHR0663,Gangapur Health Pharmacy,Aurangabad,Gangapur,Government,Open
PHR0664,Ichalkaranji Medical Chemist,Kolhapur,Ichalkaranji,Government,Closed
PHR0665,Pune Medical Dispensary,Pune,Pune,Government,Open
PHR0666,Shirur Health Chemist,Pune,Shirur,Private,Open
PHR0667,Mumbai Wellness Dispensary,Mumbai,Mumbai,Government,Open
PHR0668,Barshi Health Chemist,Solapur,Barshi,Private,Open
PHR0669,Pen Pharma Pharmacy,Raigad,Pen,Private,Open
PHR0670,Radhanagari Care Dispensary,Kolhapur,Radhanagari,Private,Open
PHR0671,Kagal Pharma Chemist,Kolhapur,Kagal,Private,Open
PHR0672,Gangapur Health Pharmacy,Aurangabad,Gangapur,Government,Open
PHR0673,Kagal Health Dispensary,Kolhapur,Kagal,Private,Open
PHR0674,Pune Health Store,Pune,Pune,Private,Open
PHR0675,Sakri Pharma Pharmacy,Dhule,Sakri,Private,Open
PHR0676,Pune Care Chemist,Pune,Pune,Private,Open
PHR0677,Hatkanangle Pharma Dispensary,Kolhapur,Hatkanangle,Private,Open
PHR0678,Paithan Pharma Chemist,Aurangabad,Paithan,Private,Closed
PHR0679,Latur Pharma Chemist,Latur,Latur,Government,Closed
PHR0680,Amravati Care Chemist,Amravati,Amravati,Private,Open
PHR0681,Shrirampur Health Store,Ahmednagar,Shrirampur,Private,Open
PHR0682,Wai Care Chemist,Satara,Wai,Government,Open
PHR0683,Sangamner Pharma Chemist,Ahmednagar,Sangamner,Private,Closed
PHR0684,Amalner Pharma Dispensary,Jalgaon,Amalner,Private,Open
PHR0685,Igatpuri Health Pharmacy,Nashik,Igatpuri,Private,Open
PHR0686,Kurla Care Dispensary,Mumbai,Kurla,Private,Open
PHR0687,Latur Health Pharmacy,Latur,Latur,Private,Open
PHR0688,Amravati Wellness Chemist,Amravati,Amravati,Private,Open
PHR0689,Latur Medical Chemist,Latur,Latur,Private,Open
PHR0690,Satara Care Dispensary,Satara,Satara,Private,Open
PHR0691,Gangapur Pharma Pharmacy,Aurangabad,Gangapur,Private,Closed
PHR0692,Igatpuri Pharma Store,Nashik,Igatpuri,Government,Open
PHR0693,Latur Pharma Chemist,Latur,Latur,Private,Open
PHR0694,Aurangabad Wellness Store,Aurangabad,Aurangabad,Private,Open
PHR0695,Ahmednagar Wellness Chemist,Ahmednagar,Ahmednagar,Private,Open
PHR0696,Amalner Care Store,Jalgaon,Amalner,Private,Open
PHR0697,Udgir Pharma Dispensary,Latur,Udgir,Private,Open
PHR0698,Latur Medical Dispensary,Latur,Latur,Government,Open
PHR0699,Nilanga Health Store,Latur,Nilanga,Government,Open
PHR0700,Nashik Wellness Dispensary,Nashik,Nashik,Government,Closed
PHR0701,Pandharpur Pharma Store,Solapur,Pandharpur,Government,Open
PHR0702,Phaltan Medical Chemist,Satara,Phaltan,Private,Open
PHR0703,Sinnar Care Chemist,Nashik,Sinnar,Government,Closed
PHR0704,Panvel Health Store,Raigad,Panvel,Private,Open
PHR0705,Khanapur Pharma Pharmacy,Sangli,Khanapur,Government,Open
PHR0706,Nagpur Care Store,Nagpur,Nagpur,Private,Open
PHR0707,Deoni Wellness Pharmacy,Latur,Deoni,Private,Closed
PHR0708,Amalner Medical Dispensary,Jalgaon,Amalner,Government,Open
PHR0709,Pimpri-Chinchwad Care Store,Pune,Pimpri-Chinchwad,Private,Open
PHR0710,Gangapur Medical Pharmacy,Aurangabad,Gangapur,Private,Open
PHR0711,Talegaon Care Pharmacy,Pune,Talegaon,Private,Open
PHR0712,Alibag Care Store,Raigad,Alibag,Private,Open
PHR0713,Shrirampur Health Chemist,Ahmednagar,Shrirampur,Government,Open
PHR0714,Barshi Wellness Pharmacy,Solapur,Barshi,Government,Open
PHR0715,Alibag Wellness Store,Raigad,Alibag,Private,Open
PHR0716,Pachora Medical Chemist,Jalgaon,Pachora,Private,Open
PHR0717,Shrirampur Medical Store,Ahmednagar,Shrirampur,Private,Open
PHR0718,Kolhapur Medical Store,Kolhapur,Kolhapur,Private,Open
PHR0719,Khanapur Medical Chemist,Sangli,Khanapur,Private,Open
PHR0720,Shrirampur Health Dispensary,Ahmednagar,Shrirampur,Private,Open
PHR0721,Sangamner Medical Store,Ahmednagar,Sangamner,Private,Open
PHR0722,Rahuri Wellness Chemist,Ahmednagar,Rahuri,Private,Open
PHR0723,Chopda Medical Dispensary,Jalgaon,Chopda,Private,Open
PHR0724,Ichalkaranji Health Chemist,Kolhapur,Ichalkaranji,Government,Open
PHR0725,Daryapur Wellness Chemist,Amravati,Daryapur,Government,Open
PHR0726,Malegaon Medical Dispensary,Nashik,Malegaon,Private,Open
PHR0727,Kopargaon Health Pharmacy,Ahmednagar,Kopargaon,Private,Open
PHR0728,Borivali Pharma Dispensary,Mumbai,Borivali,Private,Open
PHR0729,Daryapur Health Pharmacy,Amravati,Daryapur,Private,Open
PHR0730,Vaijapur Medical Dispensary,Aurangabad,Vaijapur,Government,Open
PHR0731,Dadar Medical Store,Mumbai,Dadar,Private,Open
PHR0732,Kupwad Wellness Chemist,Sangli,Kupwad,Private,Open
PHR0733,Pandharpur Care Chemist,Solapur,Pandharpur,Government,Closed
PHR0734,Gangapur Health Pharmacy,Aurangabad,Gangapur,Private,Open
PHR0735,Dhule Care Pharmacy,Dhule,Dhule,Government,Closed
PHR0736,Ausa Wellness Dispensary,Latur,Ausa,Private,Open
PHR0737,Pen Pharma Chemist,Raigad,Pen,Private,Closed
PHR0738,Hatkanangle Health Chemist,Kolhapur,Hatkanangle,Private,Open
PHR0739,Nagpur Pharma Chemist,Nagpur,Nagpur,Private,Open
PHR0740,Hatkanangle Pharma Store,Kolhapur,Hatkanangle,Private,Open
PHR0741,Deoni Care Store,Latur,Deoni,Government,Open
PHR0742,Kolhapur Pharma Pharmacy,Kolhapur,Kolhapur,Private,Open
PHR0743,Solapur Care Dispensary,Solapur,Solapur,Private,Open
PHR0744,Dhule Pharma Chemist,Dhule,Dhule,Private,Open
PHR0745,Talegaon Health Chemist,Pune,Talegaon,Government,Open
PHR0746,Udgir Care Store,Latur,Udgir,Government,Closed
PHR0747,Sillod Wellness Pharmacy,Aurangabad,Sillod,Private,Closed
PHR0748,Karad Care Store,Satara,Karad,Private,Open
PHR0749,Amalner Health Store,Jalgaon,Amalner,Private,Open
PHR0750,Gangapur Care Dispensary,Aurangabad,Gangapur,Private,Closed
PHR0751,Paithan Care Pharmacy,Aurangabad,Paithan,Private,Open
PHR0752,Kupwad Pharma Store,Sangli,Kupwad,Private,Closed
PHR0753,Sillod Health Store,Aurangabad,Sillod,Private,Closed
PHR0754,Dhule Medical Pharmacy,Dhule,Dhule,Private,Open
PHR0755,Pimpri-Chinchwad Health Pharmacy,Pune,Pimpri-Chinchwad,Private,Open
PHR0756,Pachora Health Pharmacy,Jalgaon,Pachora,Government,Closed
PHR0757,Pachora Wellness Dispensary,Jalgaon,Pachora,Private,Closed
PHR0758,Sillod Medical Chemist,Aurangabad,Sillod,Government,Closed
PHR0759,Mangalvedhe Care Chemist,Solapur,Mangalvedhe,Private,Open
PHR0760,Nilanga Pharma Chemist,Latur,Nilanga,Private,Open
PHR0761,Aurangabad Pharma Store,Aurangabad,Aurangabad,Government,Open
PHR0762,Karjat Health Dispensary,Raigad,Karjat,Government,Open
PHR0763,Wai Health Store,Satara,Wai,Government,Open
PHR0764,Udgir Pharma Store,Latur,Udgir,Government,Open
PHR0765,Phaltan Wellness Store,Satara,Phaltan,Private,Open
PHR0766,Kopargaon Health Chemist,Ahmednagar,Kopargaon,Private,Open
PHR0767,Baramati Wellness Dispensary,Pune,Baramati,Government,Open
PHR0768,Alibag Health Chemist,Raigad,Alibag,Government,Closed
PHR0769,Ausa Wellness Dispensary,Latur,Ausa,Private,Closed
PHR0770,Morshi Medical Dispensary,Amravati,Morshi,Private,Closed
PHR0771,Mahabaleshwar Care Pharmacy,Satara,Mahabaleshwar,Private,Open
PHR0772,Andheri Health Dispensary,Mumbai,Andheri,Government,Open
PHR0773,Borivali Wellness Store,Mumbai,Borivali,Government,Open
PHR0774,Kopargaon Medical Pharmacy,Ahmednagar,Kopargaon,Private,Open
PHR0775,Pen Medical Store,Raigad,Pen,Government,Open
PHR0776,Warud Medical Store,Amravati,Warud,Private,Open
PHR0777,Talegaon Medical Store,Pune,Talegaon,Government,Open
PHR0778,Alibag Health Dispensary,Raigad,Alibag,Private,Open
PHR0779,Kagal Wellness Dispensary,Kolhapur,Kagal,Private,Open
PHR0780,Khanapur Wellness Chemist,Sangli,Khanapur,Private,Open
PHR0781,Ahmednagar Pharma Chemist,Ahmednagar,Ahmednagar,Private,Closed
PHR0782,Kopargaon Wellness Store,Ahmednagar,Kopargaon,Private,Open
PHR0783,Kamptee Health Dispensary,Nagpur,Kamptee,Private,Closed
PHR0784,Talegaon Health Chemist,Pune,Talegaon,Private,Open
PHR0785,Katol Pharma Dispensary,Nagpur,Katol,Private,Open
PHR0786,Aurangabad Health Chemist,Aurangabad,Aurangabad,Private,Open
PHR0787,Butibori Health Store,Nagpur,Butibori,Private,Open
PHR0788,Igatpuri Medical Chemist,Nashik,Igatpuri,Private,Open
PHR0789,Malegaon Care Pharmacy,Nashik,Malegaon,Government,Open
PHR0790,Pen Care Chemist,Raigad,Pen,Private,Open
PHR0791,Gangapur Wellness Pharmacy,Aurangabad,Gangapur,Private,Open
PHR0792,Sakri Wellness Dispensary,Dhule,Sakri,Private,Open
PHR0793,Hingna Health Dispensary,Nagpur,Hingna,Government,Open
PHR0794,Kupwad Wellness Store,Sangli,Kupwad,Government,Open
PHR0795,Shirur Care Store,Pune,Shirur,Private,Open
PHR0796,Kupwad Pharma Pharmacy,Sangli,Kupwad,Private,Open
PHR0797,Pachora Wellness Pharmacy,Jalgaon,Pachora,Private,Open
PHR0798,Amravati Pharma Store,Amravati,Amravati,Private,Open
PHR0799,Butibori Wellness Pharmacy,Nagpur,Butibori,Private,Open
PHR0800,Malegaon Medical Chemist,Nashik,Malegaon,Government,Open
PHR0801,Miraj Pharma Dispensary,Sangli,Miraj,Private,Open
PHR0802,Andheri Medical Pharmacy,Mumbai,Andheri,Private,Closed
PHR0803,Udgir Medical Pharmacy,Latur,Udgir,Private,Open
PHR0804,Kamptee Medical Chemist,Nagpur,Kamptee,Private,Open
PHR0805,Warud Wellness Chemist,Amravati,Warud,Private,Open
PHR0806,Mohol Wellness Pharmacy,Solapur,Mohol,Government,Open
PHR0807,Paithan Pharma Dispensary,Aurangabad,Paithan,Government,Open
PHR0808,Pune Medical Dispensary,Pune,Pune,Private,Open
PHR0809,Niphad Wellness Pharmacy,Nashik,Niphad,Government,Closed
PHR0810,Sillod Care Chemist,Aurangabad,Sillod,Private,Open
PHR0811,Butibori Pharma Store,Nagpur,Butibori,Private,Open
PHR0812,Khanapur Wellness Pharmacy,Sangli,Khanapur,Private,Closed
PHR0813,Shrirampur Care Chemist,Ahmednagar,Shrirampur,Private,Open
PHR0814,Miraj Pharma Chemist,Sangli,Miraj,Government,Open
PHR0815,Uran Medical Chemist,Raigad,Uran,Government,Open
PHR0816,Mohol Medical Store,Solapur,Mohol,Government,Open
PHR0817,Dhule Wellness Pharmacy,Dhule,Dhule,Private,Open
PHR0818,Deoni Health Pharmacy,Latur,Deoni,Government,Closed
PHR0819,Kagal Pharma Dispensary,Kolhapur,Kagal,Private,Open
PHR0820,Khanapur Care Dispensary,Sangli,Khanapur,Private,Open
PHR0821,Miraj Pharma Pharmacy,Sangli,Miraj,Government,Open
PHR0822,Karjat Wellness Store,Raigad,Karjat,Private,Closed
PHR0823,Pandharpur Health Pharmacy,Solapur,Pandharpur,Private,Open
PHR0824,Borivali Care Chemist,Mumbai,Borivali,Private,Open
PHR0825,Karjat Wellness Dispensary,Raigad,Karjat,Private,Open
PHR0826,Barshi Care Pharmacy,Solapur,Barshi,Government,Open
PHR0827,Pen Health Dispensary,Raigad,Pen,Government,Open
PHR0828,Amalner Care Dispensary,Jalgaon,Amalner,Private,Open
PHR0829,Andheri Pharma Chemist,Mumbai,Andheri,Private,Open
PHR0830,Bhusawal Wellness Pharmacy,Jalgaon,Bhusawal,Private,Open
PHR0831,Ausa Care Dispensary,Latur,Ausa,Private,Open
PHR0832,Borivali Care Store,Mumbai,Borivali,Private,Open
PHR0833,Latur Pharma Chemist,Latur,Latur,Private,Open
PHR0834,Ahmednagar Pharma Chemist,Ahmednagar,Ahmednagar,Private,Closed
PHR0835,Kolhapur Pharma Store,Kolhapur,Kolhapur,Private,Open
PHR0836,Sangamner Care Chemist,Ahmednagar,Sangamner,Private,Open
PHR0837,Mohol Medical Chemist,Solapur,Mohol,Private,Open
PHR0838,Kurla Wellness Pharmacy,Mumbai,Kurla,Private,Open
PHR0839,Aurangabad Pharma Pharmacy,Aurangabad,Aurangabad,Private,Open
PHR0840,Pachora Pharma Pharmacy,Jalgaon,Pachora,Private,Open
PHR0841,Shirur Care Pharmacy,Pune,Shirur,Private,Open
PHR0842,Barshi Wellness Store,Solapur,Barshi,Private,Open
PHR0843,Borivali Health Dispensary,Mumbai,Borivali,Government,Open
PHR0844,Nashik Wellness Chemist,Nashik,Nashik,Private,Open
PHR0845,Pachora Care Chemist,Jalgaon,Pachora,Private,Open
PHR0846,Borivali Pharma Chemist,Mumbai,Borivali,Private,Closed
PHR0847,Phaltan Care Chemist,Satara,Phaltan,Private,Open
PHR0848,Nagpur Wellness Dispensary,Nagpur,Nagpur,Government,Closed
PHR0849,Mahabaleshwar Health Chemist,Satara,Mahabaleshwar,Private,Open
PHR0850,Butibori Pharma Chemist,Nagpur,Butibori,Private,Closed
PHR0851,Katol Health Chemist,Nagpur,Katol,Private,Closed
PHR0852,Malegaon Care Chemist,Nashik,Malegaon,Private,Closed
PHR0853,Amalner Pharma Store,Jalgaon,Amalner,Private,Open
PHR0854,Sangamner Medical Dispensary,Ahmednagar,Sangamner,Government,Open
PHR0855,Igatpuri Care Pharmacy,Nashik,Igatpuri,Private,Open
PHR0856,Mahabaleshwar Health Dispensary,Satara,Mahabaleshwar,Private,Open
PHR0857,Katol Pharma Dispensary,Nagpur,Katol,Government,Open
PHR0858,Karjat Pharma Chemist,Raigad,Karjat,Private,Closed
PHR0859,Sinnar Health Store,Nashik,Sinnar,Government,Open
PHR0860,Katol Medical Store,Nagpur,Katol,Government,Open
PHR0861,Baramati Care Pharmacy,Pune,Baramati,Private,Closed
PHR0862,Dhule Medical Store,Dhule,Dhule,Government,Open
PHR0863,Dhule Health Chemist,Dhule,Dhule,Private,Open
PHR0864,Rahuri Medical Chemist,Ahmednagar,Rahuri,Government,Open
PHR0865,Gangapur Wellness Dispensary,Aurangabad,Gangapur,Private,Open
PHR0866,Mangalvedhe Wellness Store,Solapur,Mangalvedhe,Government,Closed
PHR0867,Radhanagari Health Dispensary,Kolhapur,Radhanagari,Private,Closed
PHR0868,Uran Pharma Pharmacy,Raigad,Uran,Private,Open
PHR0869,Kurla Health Pharmacy,Mumbai,Kurla,Private,Open
PHR0870,Satara Medical Dispensary,Satara,Satara,Private,Open
PHR0871,Kagal Health Pharmacy,Kolhapur,Kagal,Private,Open
PHR0872,Kolhapur Health Pharmacy,Kolhapur,Kolhapur,Government,Open
PHR0873,Ahmednagar Care Pharmacy,Ahmednagar,Ahmednagar,Private,Open
PHR0874,Alibag Pharma Dispensary,Raigad,Alibag,Private,Open
PHR0875,Sangli Health Pharmacy,Sangli,Sangli,Private,Open
PHR0876,Pandharpur Wellness Dispensary,Solapur,Pandharpur,Government,Open
PHR0877,Udgir Pharma Pharmacy,Latur,Udgir,Private,Open
PHR0878,Pune Care Store,Pune,Pune,Government,Open
PHR0879,Hatkanangle Pharma Chemist,Kolhapur,Hatkanangle,Private,Open
PHR0880,Baramati Wellness Dispensary,Pune,Baramati,Private,Open
PHR0881,Alibag Wellness Chemist,Raigad,Alibag,Private,Open
PHR0882,Sindkhede Wellness Dispensary,Dhule,Sindkhede,Private,Open
PHR0883,Nashik Health Chemist,Nashik,Nashik,Private,Open
PHR0884,Mohol Wellness Chemist,Solapur,Mohol,Private,Open
PHR0885,Achalpur Health Chemist,Amravati,Achalpur,Government,Open
PHR0886,Pune Medical Pharmacy,Pune,Pune,Private,Open
PHR0887,Katol Care Store,Nagpur,Katol,Private,Open
PHR0888,Hatkanangle Medical Chemist,Kolhapur,Hatkanangle,Private,Open
PHR0889,Malegaon Wellness Pharmacy,Nashik,Malegaon,Private,Closed
PHR0890,Sakri Health Chemist,Dhule,Sakri,Private,Open
PHR0891,Solapur Care Dispensary,Solapur,Solapur,Private,Closed
PHR0892,Karjat Pharma Pharmacy,Raigad,Karjat,Private,Closed
PHR0893,Karad Medical Store,Satara,Karad,Private,Open
PHR0894,Aurangabad Health Chemist,Aurangabad,Aurangabad,Private,Open
PHR0895,Latur Wellness Dispensary,Latur,Latur,Private,Open
PHR0896,Miraj Medical Chemist,Sangli,Miraj,Government,Open
PHR0897,Pen Medical Dispensary,Raigad,Pen,Government,Open
PHR0898,Mumbai Care Dispensary,Mumbai,Mumbai,Government,Open
PHR0899,Ichalkaranji Care Dispensary,Kolhapur,Ichalkaranji,Government,Closed
PHR0900,Pachora Medical Store,Jalgaon,Pachora,Government,Open
PHR0901,Gangapur Wellness Store,Aurangabad,Gangapur,Private,Open
PHR0902,Miraj Wellness Chemist,Sangli,Miraj,Private,Open
PHR0903,Amalner Pharma Chemist,Jalgaon,Amalner,Private,Open
PHR0904,Andheri Pharma Store,Mumbai,Andheri,Private,Open
PHR0905,Kolhapur Pharma Chemist,Kolhapur,Kolhapur,Government,Closed
PHR0906,Ahmednagar Care Pharmacy,Ahmednagar,Ahmednagar,Private,Open
PHR0907,Solapur Pharma Store,Solapur,Solapur,Private,Open
PHR0908,Sindkhede Health Chemist,Dhule,Sindkhede,Private,Open
PHR0909,Pimpri-Chinchwad Wellness Store,Pune,Pimpri-Chinchwad,Government,Open
PHR0910,Kurla Care Dispensary,Mumbai,Kurla,Private,Open
PHR0911,Nilanga Health Dispensary,Latur,Nilanga,Government,Closed
PHR0912,Katol Medical Chemist,Nagpur,Katol,Private,Open
PHR0913,Dhule Health Pharmacy,Dhule,Dhule,Private,Closed
PHR0914,Mumbai Medical Dispensary,Mumbai,Mumbai,Private,Open
PHR0915,Dhule Pharma Store,Dhule,Dhule,Private,Open
PHR0916,Nashik Wellness Store,Nashik,Nashik,Private,Open
PHR0917,Hingna Care Pharmacy,Nagpur,Hingna,Government,Closed
PHR0918,Baramati Medical Pharmacy,Pune,Baramati,Government,Closed
PHR0919,Talegaon Wellness Chemist,Pune,Talegaon,Private,Open
PHR0920,Satara Wellness Store,Satara,Satara,Private,Closed
PHR0921,Bhusawal Health Store,Jalgaon,Bhusawal,Private,Open
PHR0922,Vaijapur Pharma Chemist,Aurangabad,Vaijapur,Private,Open
PHR0923,Shirpur Wellness Store,Dhule,Shirpur,Government,Open
PHR0924,Shirpur Pharma Chemist,Dhule,Shirpur,Private,Open
PHR0925,Borivali Pharma Chemist,Mumbai,Borivali,Private,Open
PHR0926,Sinnar Health Dispensary,Nashik,Sinnar,Private,Open
PHR0927,Kopargaon Wellness Store,Ahmednagar,Kopargaon,Private,Open
PHR0928,Niphad Care Chemist,Nashik,Niphad,Private,Open
PHR0929,Paithan Health Chemist,Aurangabad,Paithan,Private,Open
PHR0930,Vaijapur Pharma Pharmacy,Aurangabad,Vaijapur,Private,Closed
PHR0931,Pachora Wellness Chemist,Jalgaon,Pachora,Government,Open
PHR0932,Pune Medical Chemist,Pune,Pune,Private,Open
PHR0933,Aurangabad Care Chemist,Aurangabad,Aurangabad,Private,Open
PHR0934,Sangli Health Store,Sangli,Sangli,Private,Open
PHR0935,Igatpuri Wellness Chemist,Nashik,Igatpuri,Private,Open
PHR0936,Kupwad Pharma Dispensary,Sangli,Kupwad,Government,Open
PHR0937,Shirpur Pharma Chemist,Dhule,Shirpur,Private,Open
PHR0938,Jalgaon Pharma Dispensary,Jalgaon,Jalgaon,Private,Open
PHR0939,Andheri Health Pharmacy,Mumbai,Andheri,Private,Open
PHR0940,Pen Pharma Chemist,Raigad,Pen,Private,Open
PHR0941,Sillod Medical Store,Aurangabad,Sillod,Private,Open
PHR0942,Dadar Health Store,Mumbai,Dadar,Private,Open
PHR0943,Dhule Medical Pharmacy,Dhule,Dhule,Private,Open
PHR0944,Uran Medical Pharmacy,Raigad,Uran,Private,Open
PHR0945,Rahuri Health Dispensary,Ahmednagar,Rahuri,Private,Open
PHR0946,Malegaon Health Chemist,Nashik,Malegaon,Private,Open
PHR0947,Shirpur Health Chemist,Dhule,Shirpur,Private,Open
PHR0948,Kamptee Wellness Chemist,Nagpur,Kamptee,Private,Open
PHR0949,Talegaon Care Dispensary,Pune,Talegaon,Government,Open
PHR0950,Sillod Care Pharmacy,Aurangabad,Sillod,Private,Closed
PHR0951,Sillod Wellness Dispensary,Aurangabad,Sillod,Government,Open
PHR0952,Morshi Pharma Chemist,Amravati,Morshi,Private,Closed
PHR0953,Dadar Health Dispensary,Mumbai,Dadar,Private,Closed
PHR0954,Pune Medical Pharmacy,Pune,Pune,Private,Open
PHR0955,Miraj Pharma Chemist,Sangli,Miraj,Private,Open
PHR0956,Shirur Medical Dispensary,Pune,Shirur,Government,Closed
PHR0957,Ichalkaranji Care Dispensary,Kolhapur,Ichalkaranji,Private,Open
PHR0958,Karjat Health Pharmacy,Raigad,Karjat,Government,Open
PHR0959,Andheri Medical Chemist,Mumbai,Andheri,Private,Open
PHR0960,Karad Care Dispensary,Satara,Karad,Private,Open
PHR0961,Sangamner Pharma Store,Ahmednagar,Sangamner,Private,Open
PHR0962,Daryapur Medical Store,Amravati,Daryapur,Private,Open
PHR0963,Sindkhede Pharma Chemist,Dhule,Sindkhede,Private,Open
PHR0964,Aurangabad Health Dispensary,Aurangabad,Aurangabad,Private,Open
PHR0965,Amravati Care Dispensary,Amravati,Amravati,Private,Closed
PHR0966,Karad Health Chemist,Satara,Karad,Government,Open
PHR0967,Shrirampur Pharma Chemist,Ahmednagar,Shrirampur,Private,Closed
PHR0968,Kamptee Wellness Store,Nagpur,Kamptee,Private,Closed
PHR0969,Hatkanangle Pharma Store,Kolhapur,Hatkanangle,Private,Closed
PHR0970,Pimpri-Chinchwad Health Dispensary,Pune,Pimpri-Chinchwad,Government,Open
PHR0971,Udgir Medical Dispensary,Latur,Udgir,Private,Open
PHR0972,Talegaon Pharma Pharmacy,Pune,Talegaon,Private,Open
PHR0973,Igatpuri Wellness Pharmacy,Nashik,Igatpuri,Government,Closed
PHR0974,Nashik Wellness Chemist,Nashik,Nashik,Government,Open
PHR0975,Mangalvedhe Pharma Chemist,Solapur,Mangalvedhe,Government,Closed
PHR0976,Gangapur Care Store,Aurangabad,Gangapur,Private,Closed
PHR0977,Sangli Wellness Dispensary,Sangli,Sangli,Private,Open
PHR0978,Miraj Medical Store,Sangli,Miraj,Private,Open
PHR0979,Andheri Care Store,Mumbai,Andheri,Private,Closed
PHR0980,Barshi Pharma Dispensary,Solapur,Barshi,Private,Open
PHR0981,Kamptee Health Store,Nagpur,Kamptee,Government,Open
PHR0982,Rahuri Pharma Chemist,Ahmednagar,Rahuri,Private,Closed
PHR0983,Sangamner Pharma Pharmacy,Ahmednagar,Sangamner,Private,Open
PHR0984,Jalgaon Wellness Store,Jalgaon,Jalgaon,Government,Open
PHR0985,Solapur Health Pharmacy,Solapur,Solapur,Private,Open
PHR0986,Karad Medical Chemist,Satara,Karad,Private,Open
PHR0987,Gangapur Care Store,Aurangabad,Gangapur,Private,Open
PHR0988,Ichalkaranji Health Dispensary,Kolhapur,Ichalkaranji,Private,Open
PHR0989,Mohol Health Chemist,Solapur,Mohol,Private,Open
PHR0990,Satara Health Store,Satara,Satara,Private,Open
PHR0991,Pandharpur Wellness Dispensary,Solapur,Pandharpur,Private,Open
PHR0992,Deoni Care Dispensary,Latur,Deoni,Private,Closed
PHR0993,Mangalvedhe Pharma Chemist,Solapur,Mangalvedhe,Private,Open
PHR0994,Sinnar Care Dispensary,Nashik,Sinnar,Private,Closed
PHR0995,Amalner Pharma Store,Jalgaon,Amalner,Government,Closed
PHR0996,Kamptee Wellness Pharmacy,Nagpur,Kamptee,Private,Open
PHR0997,Mahabaleshwar Health Dispensary,Satara,Mahabaleshwar,Private,Open
PHR0998,Panvel Health Pharmacy,Raigad,Panvel,Government,Closed
PHR0999,Amravati Wellness Dispensary,Amravati,Amravati,Government,Open
PHR1000,Niphad Care Store,Nashik,Niphad,Private,Open
